-- phpMyAdmin SQL Dump
-- version 4.6.6deb5
-- https://www.phpmyadmin.net/
--
-- Хост: localhost:3306
-- Время создания: Июл 11 2020 г., 14:13
-- Версия сервера: 5.7.30-0ubuntu0.18.04.1
-- Версия PHP: 7.2.24-0ubuntu0.18.04.6

SET SQL_MODE = "NO_AUTO_VALUE_ON_ZERO";
SET time_zone = "+00:00";


/*!40101 SET @OLD_CHARACTER_SET_CLIENT=@@CHARACTER_SET_CLIENT */;
/*!40101 SET @OLD_CHARACTER_SET_RESULTS=@@CHARACTER_SET_RESULTS */;
/*!40101 SET @OLD_COLLATION_CONNECTION=@@COLLATION_CONNECTION */;
/*!40101 SET NAMES utf8mb4 */;

--
-- База данных: `c9mathtest`
--

-- --------------------------------------------------------

--
-- Структура таблицы `answers`
--

CREATE TABLE `answers` (
  `id_Test` varchar(255) NOT NULL,
  `id_Task` tinyint(4) NOT NULL,
  `textarea` mediumtext,
  `input` tinytext,
  `radio` tinyint(4) DEFAULT '0',
  `checkbox` tinyint(4) DEFAULT '0',
  `points` double NOT NULL
) ENGINE=InnoDB DEFAULT CHARSET=utf8;

--
-- Дамп данных таблицы `answers`
--

INSERT INTO `answers` (`id_Test`, `id_Task`, `textarea`, `input`, `radio`, `checkbox`, `points`) VALUES
('1', 1, '0', NULL, 1, 0, 1),
('1', 2, '0', NULL, 1, 0, 1),
('1', 3, '0', NULL, 1, 0, 1),
('1', 4, '0', NULL, 1, 0, 1),
('1', 5, '0', NULL, 1, 0, 1),
('1', 6, '0', NULL, 1, 0, 1),
('1', 7, '0', NULL, 1, 0, 1),
('1', 8, '0', NULL, 1, 0, 1),
('2', 1, '0', NULL, 0, 1, 10),
('3', 1, '0', NULL, 0, 1, 10),
('6', 1, NULL, NULL, 1, 0, 1),
('6', 2, NULL, NULL, 1, 0, 1),
('6', 3, NULL, NULL, 1, 0, 1),
('6', 4, NULL, NULL, 1, 0, 1),
('6', 5, NULL, NULL, 1, 0, 1),
('6', 6, NULL, NULL, 1, 0, 1),
('6', 7, NULL, NULL, 1, 0, 1),
('6', 8, NULL, NULL, 1, 0, 1),
('6', 9, NULL, NULL, 1, 0, 1),
('6', 10, NULL, NULL, 1, 0, 1),
('6', 11, NULL, NULL, 1, 0, 1),
('6', 12, NULL, NULL, 1, 0, 1),
('6', 13, NULL, NULL, 1, 0, 1),
('6', 14, NULL, NULL, 1, 0, 1),
('6', 15, NULL, NULL, 1, 0, 1),
('6', 16, NULL, NULL, 1, 0, 1),
('6', 17, NULL, NULL, 1, 0, 1),
('6', 18, NULL, NULL, 1, 0, 1),
('6', 19, NULL, NULL, 1, 0, 1),
('6', 20, NULL, NULL, 1, 0, 1),
('6', 21, NULL, NULL, 1, 0, 1),
('6', 22, NULL, NULL, 1, 0, 1),
('6', 23, NULL, NULL, 1, 0, 1),
('6', 24, NULL, NULL, 1, 0, 1),
('6', 25, NULL, NULL, 1, 0, 1),
('7', 1, 'h', NULL, 1, 0, 1),
('7', 2, NULL, NULL, 1, 0, 1),
('7', 3, NULL, NULL, 1, 0, 1),
('7', 4, NULL, NULL, 1, 0, 1),
('7', 5, NULL, NULL, 1, 0, 1),
('7', 6, NULL, NULL, 1, 0, 1),
('7', 7, NULL, NULL, 1, 0, 1),
('7', 8, NULL, NULL, 1, 0, 1),
('7', 9, NULL, NULL, 1, 0, 1),
('7', 10, NULL, NULL, 1, 0, 1),
('7', 11, NULL, NULL, 1, 0, 1),
('7', 12, NULL, NULL, 1, 0, 1),
('7', 13, NULL, NULL, 1, 0, 1),
('7', 14, NULL, NULL, 1, 0, 1),
('7', 15, NULL, NULL, 1, 0, 1),
('7', 16, NULL, NULL, 1, 0, 1),
('7', 17, NULL, NULL, 1, 0, 1),
('7', 18, NULL, NULL, 1, 0, 1),
('7', 19, NULL, NULL, 1, 0, 1),
('7', 20, NULL, NULL, 1, 0, 1),
('7', 21, NULL, NULL, 1, 0, 1),
('7', 22, NULL, NULL, 1, 0, 1),
('7', 23, NULL, NULL, 1, 0, 1),
('7', 24, NULL, NULL, 1, 0, 1),
('7', 25, NULL, NULL, 1, 0, 1),
('7', 1, 'h', NULL, 1, 0, 1),
('7', 2, NULL, NULL, 1, 0, 1),
('7', 3, NULL, NULL, 1, 0, 1),
('7', 4, NULL, NULL, 1, 0, 1),
('7', 5, NULL, NULL, 1, 0, 1),
('7', 6, NULL, NULL, 1, 0, 1),
('7', 7, NULL, NULL, 1, 0, 1),
('7', 8, NULL, NULL, 1, 0, 1),
('7', 9, NULL, NULL, 1, 0, 1),
('7', 10, NULL, NULL, 1, 0, 1),
('7', 11, NULL, NULL, 1, 0, 1),
('7', 12, NULL, NULL, 1, 0, 1),
('7', 13, NULL, NULL, 1, 0, 1),
('7', 14, NULL, NULL, 1, 0, 1),
('7', 15, NULL, NULL, 1, 0, 1),
('7', 16, NULL, NULL, 1, 0, 1),
('7', 17, NULL, NULL, 1, 0, 1),
('7', 18, NULL, NULL, 1, 0, 1),
('7', 19, NULL, NULL, 1, 0, 1),
('7', 20, NULL, NULL, 1, 0, 1),
('7', 21, NULL, NULL, 1, 0, 1),
('7', 22, NULL, NULL, 1, 0, 1),
('7', 23, NULL, NULL, 1, 0, 1),
('7', 24, NULL, NULL, 1, 0, 1),
('7', 25, NULL, NULL, 1, 0, 1),
('4', 1, '1', NULL, 0, 0, 3),
('7', 1, 'h', NULL, 0, 0, 3),
('8', 1, 'h', NULL, 0, 0, 3);

-- --------------------------------------------------------

--
-- Структура таблицы `avatars`
--

CREATE TABLE `avatars` (
  `id_User` int(11) NOT NULL,
  `file` tinytext
) ENGINE=InnoDB DEFAULT CHARSET=utf8;

--
-- Дамп данных таблицы `avatars`
--

INSERT INTO `avatars` (`id_User`, `file`) VALUES
(1, '2a0d5adb380473aa851b490adc5374d6'),
(4, '460e39a54c340daf0c2940b1c82c6f7f'),
(5, '2a0d5adb380473aa851b490adc5374d6'),
(14, NULL),
(15, NULL);

-- --------------------------------------------------------

--
-- Структура таблицы `checkbox`
--

CREATE TABLE `checkbox` (
  `id_Test` varchar(255) NOT NULL,
  `id_Task` int(11) NOT NULL,
  `idCheckbox` int(11) NOT NULL,
  `checkbox` tinyint(4) DEFAULT '0',
  `text_answer` text NOT NULL
) ENGINE=InnoDB DEFAULT CHARSET=utf8;

--
-- Дамп данных таблицы `checkbox`
--

INSERT INTO `checkbox` (`id_Test`, `id_Task`, `idCheckbox`, `checkbox`, `text_answer`) VALUES
('2', 1, 1, 1, 'hjgjkghjkl'),
('2', 1, 2, 1, 'gvnvmnbm,'),
('2', 1, 3, 1, 'ouo;oulk'),
('3', 1, 1, 1, 'q'),
('3', 1, 2, 0, 'w'),
('3', 1, 3, 1, 'e');

-- --------------------------------------------------------

--
-- Структура таблицы `friends`
--

CREATE TABLE `friends` (
  `id_User` int(11) NOT NULL,
  `id_Friend` int(11) NOT NULL,
  `waiting` tinyint(4) DEFAULT NULL
) ENGINE=InnoDB DEFAULT CHARSET=utf8;

--
-- Дамп данных таблицы `friends`
--

INSERT INTO `friends` (`id_User`, `id_Friend`, `waiting`) VALUES
(1, 4, 0),
(1, 5, 0),
(1, 14, 0),
(4, 1, 0),
(5, 1, 0),
(14, 1, 0),
(14, 15, 0),
(15, 14, 0);

-- --------------------------------------------------------

--
-- Структура таблицы `icontest`
--

CREATE TABLE `icontest` (
  `id_Test` varchar(255) NOT NULL,
  `id_Task` int(11) NOT NULL,
  `idIcontest` int(11) NOT NULL,
  `myPhoto` tinytext
) ENGINE=InnoDB DEFAULT CHARSET=utf8;

--
-- Дамп данных таблицы `icontest`
--

INSERT INTO `icontest` (`id_Test`, `id_Task`, `idIcontest`, `myPhoto`) VALUES
('2', 1, 1, '1.jpg'),
('2', 1, 2, '2.png'),
('4', 1, 1, '10f527d49dc17c82d9dfe21148703bed'),
('4', 1, 2, 'a2d2f4d84f8842988d487cb2aeaa33b8'),
('7', 1, 1, 'Файл отсутсвует по причине ошибки загрузки'),
('7', 1, 1, 'Файл отсутсвует по причине ошибки загрузки');

-- --------------------------------------------------------

--
-- Структура таблицы `notifications`
--

CREATE TABLE `notifications` (
  `idNotif` varchar(255) NOT NULL,
  `id_User` int(11) NOT NULL,
  `message` tinytext NOT NULL,
  `_unread` tinyint(4) DEFAULT '1',
  `add_friends` tinyint(4) DEFAULT NULL,
  `cancel_add` tinyint(4) NOT NULL DEFAULT '0',
  `invitations` tinytext,
  `recipient` int(11) DEFAULT NULL,
  `dateOfSend` datetime NOT NULL
) ENGINE=InnoDB DEFAULT CHARSET=utf8;

--
-- Дамп данных таблицы `notifications`
--

INSERT INTO `notifications` (`idNotif`, `id_User`, `message`, `_unread`, `add_friends`, `cancel_add`, `invitations`, `recipient`, `dateOfSend`) VALUES
('1', 1, 'Максим Ларченко приглашает вас пройти тест', 0, NULL, 0, 'book.html.php?idUser=1&idTest=1', 14, '2020-07-02 15:34:12'),
('422c21b750c6d2cf8fa07a8e471bac92', 14, 'Денис Исаков хочет добавить вас в друзья.', 0, 15, 0, NULL, NULL, '2020-07-10 16:50:32');

-- --------------------------------------------------------

--
-- Структура таблицы `radio`
--

CREATE TABLE `radio` (
  `id_Test` varchar(255) NOT NULL,
  `id_Task` int(11) NOT NULL,
  `idRadio` int(11) NOT NULL,
  `radio_answer` tinyint(4) DEFAULT '0',
  `text_answer` text NOT NULL
) ENGINE=InnoDB DEFAULT CHARSET=utf8;

--
-- Дамп данных таблицы `radio`
--

INSERT INTO `radio` (`id_Test`, `id_Task`, `idRadio`, `radio_answer`, `text_answer`) VALUES
('1', 1, 1, 0, 'процесс распространения тепла'),
('1', 1, 2, 0, 'процесс диффузии'),
('1', 1, 3, 1, 'процесс колебаний струны или колебаний  электромагнитного поля'),
('1', 1, 4, 0, 'стационарный физический процесс, то есть процесс, который не зависит от времени'),
('1', 2, 1, 0, 'волновое уравнение'),
('1', 2, 2, 1, 'уравнение теплопроводности'),
('1', 2, 3, 0, 'уравнение Лапласа'),
('1', 2, 4, 0, 'уравнение Пуассона'),
('1', 3, 1, 1, 'эллиптического типа'),
('1', 3, 2, 0, 'гиперболического типа'),
('1', 3, 3, 0, 'параболического типа'),
('1', 3, 4, 0, 'тип уравнения в области меняется'),
('1', 4, 1, 1, 'параболическому'),
('1', 4, 2, 0, 'гиперболическому'),
('1', 4, 3, 0, 'смешанному'),
('1', 4, 4, 0, 'эллиптическому'),
('1', 5, 1, 0, 'решением задачи Коши для волнового уравнения методом Даламбера'),
('1', 5, 2, 0, 'решением уравнения теплопроводности при заданных начальных и граничных условиях методом Фурье'),
('1', 5, 3, 1, 'решением волнового уравнения при заданных начальных и граничных условиях методом Фурье'),
('1', 5, 4, 0, 'решением задачи Коши для уравнения теплопроводности, то есть интеграла Пуассона'),
('1', 6, 1, 1, 'решением задачи Коши для волнового уравнения методом Даламбера'),
('1', 6, 2, 0, 'решением уравнения теплопроводности при заданных начальных и граничных условиях методом Фурье'),
('1', 6, 3, 0, 'решением волнового уравнения при заданных начальных и граничных условиях методом Фурье'),
('1', 6, 4, 0, 'решением задачи Коши для уравнения теплопроводности, то есть интеграла Пуассона'),
('1', 7, 1, 1, 'распространения тепла в конечном стержне'),
('1', 7, 2, 0, 'колебаний конечной струны'),
('1', 7, 3, 0, 'колебания бесконечной струны'),
('1', 7, 4, 0, 'Лапласа'),
('1', 8, 1, 1, '\\(u(x,t)=X(x)T(t)\\)'),
('1', 8, 2, 0, '\\(u(x,t)=\\cfrac{X(x)}{T(t)}\\)'),
('1', 8, 3, 0, '\\(u(x,t)=X(x)+T(t)\\)'),
('6', 1, 1, 0, '0,3'),
('6', 1, 2, 1, '0,1'),
('6', 1, 3, 0, '0,4'),
('6', 1, 4, 0, '0,7'),
('6', 2, 1, 0, '\\(\\frac{5}{3}\\)'),
('6', 2, 2, 0, '\\(\\frac{4}{3}\\)'),
('6', 2, 3, 1, '\\(\\frac{5}{2}\\)'),
('6', 2, 4, 0, '\\(\\frac{4}{5}\\)'),
('6', 3, 1, 0, '\\(e^{-2}\\)'),
('6', 3, 2, 1, '\\(e^{-1}\\)'),
('6', 3, 3, 0, '\\(e\\)'),
('6', 3, 4, 0, '\\(e^{2}\\)'),
('6', 4, 1, 0, 'бесконечно малой величиной'),
('6', 4, 2, 1, 'бесконечно большой величиной'),
('6', 4, 3, 0, 'ни тем, ни другим'),
('6', 5, 1, 0, 'бесконечно малой'),
('6', 5, 2, 1, 'бесконечно большой'),
('6', 5, 3, 0, 'ни тем, не другим'),
('6', 6, 1, 0, '\\(\\frac{(\\lim\\limits_{x\\to x_{0}}u(x))v(x_{0})-u(x_{0})(\\lim\\limits_{x\\to x_{0}}v(x))}{v^{2}(x_{0})}\\)'),
('6', 6, 2, 0, '\\(\\frac{\\lim\\limits_{x\\to 0}u(x)}{\\lim\\limits_{x\\to\\infty}v(x)}\\)'),
('6', 6, 3, 1, '\\(\\frac{A}{B}\\), где \\(A=\\lim\\limits_{x\\to x_0} u(x)\\) и \\(B=\\lim\\limits_{x\\to x_{0}}v(x)\\) - конечный пределы и \\(B\\ne 0\\)'),
('6', 6, 4, 0, '\\(\\frac{u(x_0)}{v(x_0)}\\)'),
('6', 7, 1, 0, '0'),
('6', 7, 2, 1, '1'),
('6', 7, 3, 0, 'е'),
('6', 7, 4, 0, '\\(\\infty\\)'),
('6', 8, 1, 0, '0'),
('6', 8, 2, 0, '1'),
('6', 8, 3, 1, 'е'),
('6', 8, 4, 0, '\\(\\infty\\)'),
('6', 9, 1, 1, '1'),
('6', 9, 2, 0, '\\(\\pi/4\\)'),
('6', 9, 3, 0, '\\(\\pi\\)'),
('6', 9, 4, 0, '\\(\\infty\\)'),
('6', 10, 1, 0, '1'),
('6', 10, 2, 0, '\\(\\infty\\)'),
('6', 10, 3, 1, '\\(e^6\\)'),
('6', 10, 4, 0, '\\(e^{2/3}\\)'),
('6', 11, 1, 0, '0'),
('6', 11, 2, 0, '1'),
('6', 11, 3, 1, '2'),
('6', 11, 4, 0, '\\(\\infty\\)'),
('6', 12, 1, 0, '-0,5'),
('6', 12, 2, 0, '1'),
('6', 12, 3, 0, '3'),
('6', 12, 4, 1, '\\(\\infty\\)'),
('6', 13, 1, 0, '-1'),
('6', 13, 2, 0, '0'),
('6', 13, 3, 0, '0,5'),
('6', 13, 4, 1, '1'),
('6', 14, 1, 0, '\\(-\\infty\\)'),
('6', 14, 2, 0, '0'),
('6', 14, 3, 1, '0,5'),
('6', 14, 4, 0, '\\(+\\infty\\)'),
('6', 15, 1, 1, '\\([11;+\\infty)\\)'),
('6', 15, 2, 0, '\\((-\\infty;11]\\)'),
('6', 15, 3, 0, '\\((-\\infty;-11)\\cup(11;+\\infty)\\)'),
('6', 15, 4, 0, '\\((-\\infty;+\\infty)\\)'),
('6', 16, 1, 1, 'большему значению аргумента из этого промежутка соответствует большее значение функции'),
('6', 16, 2, 0, 'большему значению аргумента из этого промежутка соответствует меньшее значение функции'),
('6', 16, 3, 0, 'возрастание функции не зависит от значения аргумента'),
('6', 17, 1, 1, 'дробно-рациональная'),
('6', 17, 2, 0, 'степенная'),
('6', 17, 3, 0, 'логарифмическая'),
('6', 17, 4, 0, 'тригонометрическая'),
('6', 18, 1, 0, 'нечетной'),
('6', 18, 2, 1, 'четной'),
('6', 18, 3, 0, 'общего вида'),
('6', 19, 1, 1, '\\([0;81)\\cup(81;+\\infty)\\)'),
('6', 19, 2, 0, '\\((-\\infty;81]\\)'),
('6', 19, 3, 0, '\\((-\\infty;-81)\\cup(81;+\\infty)\\)'),
('6', 19, 4, 0, '\\((-\\infty;+\\infty)\\)'),
('6', 20, 1, 1, '\\(f(-x)=f(x)\\)'),
('6', 20, 2, 0, '\\(f(-x)=-f(x)\\)'),
('6', 20, 3, 0, '\\(f(x)=f(-x)\\)'),
('6', 21, 1, 0, '\\([0;1)\\cup(1;+\\infty)\\)'),
('6', 21, 2, 0, '\\((-\\infty;1]\\)'),
('6', 21, 3, 0, '\\((-\\infty;-1)\\cup(1;+\\infty)\\)'),
('6', 21, 4, 1, '\\((-\\infty;+\\infty)\\)'),
('6', 22, 1, 1, '\\(\\sqrt{8-x^3}\\)'),
('6', 22, 2, 0, '\\(\\cfrac{x+5}{x^2+1}\\)'),
('6', 22, 3, 0, '\\(x^2+25\\)'),
('6', 22, 4, 0, '\\(\\cfrac{5x^5+x^{2}+1}{(2x-3)x^8}\\)'),
('6', 23, 1, 0, '300'),
('6', 23, 2, 0, '160'),
('6', 23, 3, 0, '120'),
('6', 23, 4, 1, '250'),
('6', 24, 1, 0, '\\(f(x)=x\\sin x\\)'),
('6', 24, 2, 1, '\\(f(x)=\\sin\\cfrac{1}{x}\\)'),
('6', 24, 3, 0, '\\(f(x)=\\cfrac{x}{x^2+1}\\)'),
('6', 24, 4, 0, '\\(f(x)=\\cfrac{x^2}{x^4+1}\\)'),
('6', 25, 1, 0, 'рациональной'),
('6', 25, 2, 0, 'неограниченной'),
('6', 25, 3, 1, 'бесконечно малой'),
('6', 25, 4, 0, 'трансцендентной'),
('7', 1, 1, 0, '0,3'),
('7', 1, 2, 1, '0,1'),
('7', 1, 3, 0, '0,4'),
('7', 1, 4, 0, '0,7'),
('7', 2, 1, 0, '\\(\\frac{5}{3}\\)'),
('7', 2, 2, 0, '\\(\\frac{4}{3}\\)'),
('7', 2, 3, 1, '\\(\\frac{5}{2}\\)'),
('7', 2, 4, 0, '\\(\\frac{4}{5}\\)'),
('7', 3, 1, 0, '\\(e^{-2}\\)'),
('7', 3, 2, 1, '\\(e^{-1}\\)'),
('7', 3, 3, 0, '\\(e\\)'),
('7', 3, 4, 0, '\\(e^{2}\\)'),
('7', 4, 1, 0, 'бесконечно малой величиной'),
('7', 4, 2, 1, 'бесконечно большой величиной'),
('7', 4, 3, 0, 'ни тем, ни другим'),
('7', 5, 1, 0, 'бесконечно малой'),
('7', 5, 2, 1, 'бесконечно большой'),
('7', 5, 3, 0, 'ни тем, не другим'),
('7', 6, 1, 0, '\\(\\frac{(\\lim\\limits_{x\\to x_{0}}u(x))v(x_{0})-u(x_{0})(\\lim\\limits_{x\\to x_{0}}v(x))}{v^{2}(x_{0})}\\)'),
('7', 6, 2, 0, '\\(\\frac{\\lim\\limits_{x\\to 0}u(x)}{\\lim\\limits_{x\\to\\infty}v(x)}\\)'),
('7', 6, 3, 1, '\\(\\frac{A}{B}\\), где \\(A=\\lim\\limits_{x\\to x_0} u(x)\\) и \\(B=\\lim\\limits_{x\\to x_{0}}v(x)\\) - конечный пределы и \\(B\\ne 0\\)'),
('7', 6, 4, 0, '\\(\\frac{u(x_0)}{v(x_0)}\\)'),
('7', 7, 1, 0, '0'),
('7', 7, 2, 1, '1'),
('7', 7, 3, 0, 'е'),
('7', 7, 4, 0, '\\(\\infty\\)'),
('7', 8, 1, 0, '0'),
('7', 8, 2, 0, '1'),
('7', 8, 3, 1, 'е'),
('7', 8, 4, 0, '\\(\\infty\\)'),
('7', 9, 1, 1, '1'),
('7', 9, 2, 0, '\\(\\pi/4\\)'),
('7', 9, 3, 0, '\\(\\pi\\)'),
('7', 9, 4, 0, '\\(\\infty\\)'),
('7', 10, 1, 0, '1'),
('7', 10, 2, 0, '\\(\\infty\\)'),
('7', 10, 3, 1, '\\(e^6\\)'),
('7', 10, 4, 0, '\\(e^{2/3}\\)'),
('7', 11, 1, 0, '0'),
('7', 11, 2, 0, '1'),
('7', 11, 3, 1, '2'),
('7', 11, 4, 0, '\\(\\infty\\)'),
('7', 12, 1, 0, '-0,5'),
('7', 12, 2, 0, '1'),
('7', 12, 3, 0, '3'),
('7', 12, 4, 1, '\\(\\infty\\)'),
('7', 13, 1, 0, '-1'),
('7', 13, 2, 0, '0'),
('7', 13, 3, 0, '0,5'),
('7', 13, 4, 1, '1'),
('7', 14, 1, 0, '\\(-\\infty\\)'),
('7', 14, 2, 0, '0'),
('7', 14, 3, 1, '0,5'),
('7', 14, 4, 0, '\\(+\\infty\\)'),
('7', 15, 1, 1, '\\([11;+\\infty)\\)'),
('7', 15, 2, 0, '\\((-\\infty;11]\\)'),
('7', 15, 3, 0, '\\((-\\infty;-11)\\cup(11;+\\infty)\\)'),
('7', 15, 4, 0, '\\((-\\infty;+\\infty)\\)'),
('7', 16, 1, 1, 'большему значению аргумента из этого промежутка соответствует большее значение функции'),
('7', 16, 2, 0, 'большему значению аргумента из этого промежутка соответствует меньшее значение функции'),
('7', 16, 3, 0, 'возрастание функции не зависит от значения аргумента'),
('7', 17, 1, 1, 'дробно-рациональная'),
('7', 17, 2, 0, 'степенная'),
('7', 17, 3, 0, 'логарифмическая'),
('7', 17, 4, 0, 'тригонометрическая'),
('7', 18, 1, 0, 'нечетной'),
('7', 18, 2, 1, 'четной'),
('7', 18, 3, 0, 'общего вида'),
('7', 19, 1, 1, '\\([0;81)\\cup(81;+\\infty)\\)'),
('7', 19, 2, 0, '\\((-\\infty;81]\\)'),
('7', 19, 3, 0, '\\((-\\infty;-81)\\cup(81;+\\infty)\\)'),
('7', 19, 4, 0, '\\((-\\infty;+\\infty)\\)'),
('7', 20, 1, 1, '\\(f(-x)=f(x)\\)'),
('7', 20, 2, 0, '\\(f(-x)=-f(x)\\)'),
('7', 20, 3, 0, '\\(f(x)=f(-x)\\)'),
('7', 21, 1, 0, '\\([0;1)\\cup(1;+\\infty)\\)'),
('7', 21, 2, 0, '\\((-\\infty;1]\\)'),
('7', 21, 3, 0, '\\((-\\infty;-1)\\cup(1;+\\infty)\\)'),
('7', 21, 4, 1, '\\((-\\infty;+\\infty)\\)'),
('7', 22, 1, 1, '\\(\\sqrt{8-x^3}\\)'),
('7', 22, 2, 0, '\\(\\cfrac{x+5}{x^2+1}\\)'),
('7', 22, 3, 0, '\\(x^2+25\\)'),
('7', 22, 4, 0, '\\(\\cfrac{5x^5+x^{2}+1}{(2x-3)x^8}\\)'),
('7', 23, 1, 0, '300'),
('7', 23, 2, 0, '160'),
('7', 23, 3, 0, '120'),
('7', 23, 4, 1, '250'),
('7', 24, 1, 0, '\\(f(x)=x\\sin x\\)'),
('7', 24, 2, 1, '\\(f(x)=\\sin\\cfrac{1}{x}\\)'),
('7', 24, 3, 0, '\\(f(x)=\\cfrac{x}{x^2+1}\\)'),
('7', 24, 4, 0, '\\(f(x)=\\cfrac{x^2}{x^4+1}\\)'),
('7', 25, 1, 0, 'рациональной'),
('7', 25, 2, 0, 'неограниченной'),
('7', 25, 3, 1, 'бесконечно малой'),
('7', 25, 4, 0, 'трансцендентной'),
('7', 1, 1, 0, '0,3'),
('7', 1, 2, 1, '0,1'),
('7', 1, 3, 0, '0,4'),
('7', 1, 4, 0, '0,7'),
('7', 2, 1, 0, '\\(\\frac{5}{3}\\)'),
('7', 2, 2, 0, '\\(\\frac{4}{3}\\)'),
('7', 2, 3, 1, '\\(\\frac{5}{2}\\)'),
('7', 2, 4, 0, '\\(\\frac{4}{5}\\)'),
('7', 3, 1, 0, '\\(e^{-2}\\)'),
('7', 3, 2, 1, '\\(e^{-1}\\)'),
('7', 3, 3, 0, '\\(e\\)'),
('7', 3, 4, 0, '\\(e^{2}\\)'),
('7', 4, 1, 0, 'бесконечно малой величиной'),
('7', 4, 2, 1, 'бесконечно большой величиной'),
('7', 4, 3, 0, 'ни тем, ни другим'),
('7', 5, 1, 0, 'бесконечно малой'),
('7', 5, 2, 1, 'бесконечно большой'),
('7', 5, 3, 0, 'ни тем, не другим'),
('7', 6, 1, 0, '\\(\\frac{(\\lim\\limits_{x\\to x_{0}}u(x))v(x_{0})-u(x_{0})(\\lim\\limits_{x\\to x_{0}}v(x))}{v^{2}(x_{0})}\\)'),
('7', 6, 2, 0, '\\(\\frac{\\lim\\limits_{x\\to 0}u(x)}{\\lim\\limits_{x\\to\\infty}v(x)}\\)'),
('7', 6, 3, 1, '\\(\\frac{A}{B}\\), где \\(A=\\lim\\limits_{x\\to x_0} u(x)\\) и \\(B=\\lim\\limits_{x\\to x_{0}}v(x)\\) - конечный пределы и \\(B\\ne 0\\)'),
('7', 6, 4, 0, '\\(\\frac{u(x_0)}{v(x_0)}\\)'),
('7', 7, 1, 0, '0'),
('7', 7, 2, 1, '1'),
('7', 7, 3, 0, 'е'),
('7', 7, 4, 0, '\\(\\infty\\)'),
('7', 8, 1, 0, '0'),
('7', 8, 2, 0, '1'),
('7', 8, 3, 1, 'е'),
('7', 8, 4, 0, '\\(\\infty\\)'),
('7', 9, 1, 1, '1'),
('7', 9, 2, 0, '\\(\\pi/4\\)'),
('7', 9, 3, 0, '\\(\\pi\\)'),
('7', 9, 4, 0, '\\(\\infty\\)'),
('7', 10, 1, 0, '1'),
('7', 10, 2, 0, '\\(\\infty\\)'),
('7', 10, 3, 1, '\\(e^6\\)'),
('7', 10, 4, 0, '\\(e^{2/3}\\)'),
('7', 11, 1, 0, '0'),
('7', 11, 2, 0, '1'),
('7', 11, 3, 1, '2'),
('7', 11, 4, 0, '\\(\\infty\\)'),
('7', 12, 1, 0, '-0,5'),
('7', 12, 2, 0, '1'),
('7', 12, 3, 0, '3'),
('7', 12, 4, 1, '\\(\\infty\\)'),
('7', 13, 1, 0, '-1'),
('7', 13, 2, 0, '0'),
('7', 13, 3, 0, '0,5'),
('7', 13, 4, 1, '1'),
('7', 14, 1, 0, '\\(-\\infty\\)'),
('7', 14, 2, 0, '0'),
('7', 14, 3, 1, '0,5'),
('7', 14, 4, 0, '\\(+\\infty\\)'),
('7', 15, 1, 1, '\\([11;+\\infty)\\)'),
('7', 15, 2, 0, '\\((-\\infty;11]\\)'),
('7', 15, 3, 0, '\\((-\\infty;-11)\\cup(11;+\\infty)\\)'),
('7', 15, 4, 0, '\\((-\\infty;+\\infty)\\)'),
('7', 16, 1, 1, 'большему значению аргумента из этого промежутка соответствует большее значение функции'),
('7', 16, 2, 0, 'большему значению аргумента из этого промежутка соответствует меньшее значение функции'),
('7', 16, 3, 0, 'возрастание функции не зависит от значения аргумента'),
('7', 17, 1, 1, 'дробно-рациональная'),
('7', 17, 2, 0, 'степенная'),
('7', 17, 3, 0, 'логарифмическая'),
('7', 17, 4, 0, 'тригонометрическая'),
('7', 18, 1, 0, 'нечетной'),
('7', 18, 2, 1, 'четной'),
('7', 18, 3, 0, 'общего вида'),
('7', 19, 1, 1, '\\([0;81)\\cup(81;+\\infty)\\)'),
('7', 19, 2, 0, '\\((-\\infty;81]\\)'),
('7', 19, 3, 0, '\\((-\\infty;-81)\\cup(81;+\\infty)\\)'),
('7', 19, 4, 0, '\\((-\\infty;+\\infty)\\)'),
('7', 20, 1, 1, '\\(f(-x)=f(x)\\)'),
('7', 20, 2, 0, '\\(f(-x)=-f(x)\\)'),
('7', 20, 3, 0, '\\(f(x)=f(-x)\\)'),
('7', 21, 1, 0, '\\([0;1)\\cup(1;+\\infty)\\)'),
('7', 21, 2, 0, '\\((-\\infty;1]\\)'),
('7', 21, 3, 0, '\\((-\\infty;-1)\\cup(1;+\\infty)\\)'),
('7', 21, 4, 1, '\\((-\\infty;+\\infty)\\)'),
('7', 22, 1, 1, '\\(\\sqrt{8-x^3}\\)'),
('7', 22, 2, 0, '\\(\\cfrac{x+5}{x^2+1}\\)'),
('7', 22, 3, 0, '\\(x^2+25\\)'),
('7', 22, 4, 0, '\\(\\cfrac{5x^5+x^{2}+1}{(2x-3)x^8}\\)'),
('7', 23, 1, 0, '300'),
('7', 23, 2, 0, '160'),
('7', 23, 3, 0, '120'),
('7', 23, 4, 1, '250'),
('7', 24, 1, 0, '\\(f(x)=x\\sin x\\)'),
('7', 24, 2, 1, '\\(f(x)=\\sin\\cfrac{1}{x}\\)'),
('7', 24, 3, 0, '\\(f(x)=\\cfrac{x}{x^2+1}\\)'),
('7', 24, 4, 0, '\\(f(x)=\\cfrac{x^2}{x^4+1}\\)'),
('7', 25, 1, 0, 'рациональной'),
('7', 25, 2, 0, 'неограниченной'),
('7', 25, 3, 1, 'бесконечно малой'),
('7', 25, 4, 0, 'трансцендентной');

-- --------------------------------------------------------

--
-- Структура таблицы `sections`
--

CREATE TABLE `sections` (
  `id_section` int(11) NOT NULL,
  `id_subject` int(11) NOT NULL,
  `section` tinytext NOT NULL
) ENGINE=InnoDB DEFAULT CHARSET=utf8;

-- --------------------------------------------------------

--
-- Структура таблицы `subjects`
--

CREATE TABLE `subjects` (
  `id_subject` int(11) NOT NULL,
  `subject` tinytext NOT NULL
) ENGINE=InnoDB DEFAULT CHARSET=utf8;

--
-- Дамп данных таблицы `subjects`
--

INSERT INTO `subjects` (`id_subject`, `subject`) VALUES
(1, 'Математический анализ'),
(2, 'Интегральные и дифферинциальные уравнения'),
(3, 'Прикладная математика');

-- --------------------------------------------------------

--
-- Структура таблицы `tasktest`
--

CREATE TABLE `tasktest` (
  `id_Test` varchar(255) NOT NULL,
  `countTask` int(11) NOT NULL,
  `mark_1` double NOT NULL,
  `mark_2` double NOT NULL,
  `mark_3` double NOT NULL,
  `mark_4` double NOT NULL,
  `mark_5` double NOT NULL
) ENGINE=InnoDB DEFAULT CHARSET=utf8;

--
-- Дамп данных таблицы `tasktest`
--

INSERT INTO `tasktest` (`id_Test`, `countTask`, `mark_1`, `mark_2`, `mark_3`, `mark_4`, `mark_5`) VALUES
('1', 8, 0, 2, 4, 6, 8),
('2', 1, 10, 10, 10, 10, 10),
('3', 1, 10, 10, 10, 10, 10),
('4', 1, 3, 3, 3, 3, 3),
('6', 25, 2, 5, 10, 15, 23),
('7', 1, 3, 3, 3, 3, 3),
('8', 1, 3, 3, 3, 3, 3);

-- --------------------------------------------------------

--
-- Структура таблицы `tests`
--

CREATE TABLE `tests` (
  `id` varchar(255) NOT NULL,
  `idAuthor` int(11) NOT NULL,
  `taskName` tinytext NOT NULL,
  `dataRegistration` datetime NOT NULL
) ENGINE=InnoDB DEFAULT CHARSET=utf8;

--
-- Дамп данных таблицы `tests`
--

INSERT INTO `tests` (`id`, `idAuthor`, `taskName`, `dataRegistration`) VALUES
('1', 1, 'new_task', '2020-03-31 15:34:44'),
('2', 1, 'new_task', '2020-05-21 13:01:06'),
('3', 1, 'new_task', '2020-05-22 15:51:20'),
('4', 1, 'new_task', '2020-07-07 10:54:19'),
('6', 14, 'new_task', '2020-06-29 21:52:47'),
('7', 14, 'new_task', '2020-07-09 17:00:46'),
('8', 14, 'new_task', '2020-07-09 17:04:09');

-- --------------------------------------------------------

--
-- Структура таблицы `testSection`
--

CREATE TABLE `testSection` (
  `id_section` int(4) NOT NULL,
  `id_Test` varchar(255) NOT NULL
) ENGINE=InnoDB DEFAULT CHARSET=utf8;

-- --------------------------------------------------------

--
-- Структура таблицы `testSubject`
--

CREATE TABLE `testSubject` (
  `id_subject` int(4) NOT NULL,
  `id_Test` varchar(255) NOT NULL
) ENGINE=InnoDB DEFAULT CHARSET=utf8;

-- --------------------------------------------------------

--
-- Структура таблицы `totaltasktable`
--

CREATE TABLE `totaltasktable` (
  `id_Test` varchar(255) NOT NULL,
  `id_Task` int(11) NOT NULL,
  `total_task` text,
  `icontest` int(11) DEFAULT NULL
) ENGINE=InnoDB DEFAULT CHARSET=utf8;

--
-- Дамп данных таблицы `totaltasktable`
--

INSERT INTO `totaltasktable` (`id_Test`, `id_Task`, `total_task`, `icontest`) VALUES
('1', 1, 'Укажите, какой из физических процессов определяется уравнением \\(\\cfrac{\\partial^{2}u}{\\partial t^{2}}=a^{2}\\cfrac{\\partial^{2}u}{\\partial x^{2}} \\)', NULL),
('1', 2, 'Укажите название уравнения \\( \\cfrac{\\partial^{2}u}{\\partial t^{2}}=a^{2}\\cfrac{\\partial^{2}u}{\\partial x^{2}}\\)', NULL),
('1', 3, 'Определите тип уравнения  \\( \\Delta u=\\cfrac{\\partial^{2}u}{\\partial x^{2}}+\\cfrac{\\partial^{2}u}{\\partial y^{2}}+\\cfrac{\\partial^{2}u}{\\partial z^{2}}=0\\)', NULL),
('1', 4, 'Уравнение \\(\\cfrac{\\partial U}{\\partial t}=a^{2}\\cfrac{\\partial^{2}U}{\\partial x^{2}}\\) относится к ___ типу', NULL),
('1', 5, 'Определите, решением какой задачи является формула \\(\\sum^{\\infty}_{n=1}\\left(A_{n}\\cos\\cfrac{n\\pi at}{l}+B_{n}\\sin\\cfrac{n\\pi at}{l}\\right)\\sin\\cfrac{n\\pi x}{l}\\)', NULL),
('1', 6, 'Определите, решением какой задачи является формула \\(u(x,t)=\\cfrac{1}{2}[\\varphi(x-at)+\\varphi(x+at)]+\\cfrac{1}{2a}\\int^{x+at}_{x-at}\\Psi(z)dz\\)', NULL),
('1', 7, 'Формула \\(U(x,t)=\\sum^{\\infty}_{n=1}C_{n}\\e^{-\\left(\\frac{an\\pi}{l}\\right)^{2}t}\\sin\\cfrac{n\\pi x}{l}\\) дает решение уравнения', NULL),
('1', 8, 'Определите формулу для решения методом Фурье волнового уравнения', NULL),
('2', 1, NULL, 1),
('3', 1, 'qq', 1),
('6', 1, 'Вычислить предел \\(\\lim\\limits_{x\\to 5}\\frac{x-5}{x^{2}-25} \\), не пользуясь правилом Лопиталя', 1),
('6', 2, 'Вычислить предел \\( \\lim\\limits_{x\\to 0}\\frac{\\sin{5x}}{2x}\\), не пользуясь правилом Лопиталя', 1),
('6', 3, 'Вычислить предел \\( \\lim\\limits_{x\\to 0} \\left(\\frac{x}{1+x}\\right)^{n}\\), не пользуясь правилом Лопиталя', 1),
('6', 4, 'Функция \\(y=x^2\\) в окрестности бесконечности является:', 1),
('6', 5, 'Функция \\(y=\\frac{x^2+1}{x}\\) в окрестности нуля является величиной:', 1),
('6', 6, 'По теореме о пределе частного \\(\\lim\\limits_{x\\to x_{0}}\\frac{u(x)}{v(x)}\\) равен:', 1),
('6', 7, 'Значение предела \\(\\lim\\limits_{x\\to 0}\\frac{\\sin x}{x}\\) равно:', 1),
('6', 8, 'Значение предела \\(\\lim\\limits_{x\\to 0}(1+x)^{\\frac{1}{x}}\\) равно:', 1),
('6', 9, 'Значение предела \\(\\lim\\limits_{x\\to -1}\\frac{\\tg(x+1)}{\\arcsin(x+1)}\\) равно:', 1),
('6', 10, 'Значение предела \\(\\lim\\limits_{n\\to +\\infty}\\left(1+\\frac{2}{n}\\right)^{3n}\\) равно:', 1),
('6', 11, 'Значение предела \\(\\lim\\limits_{x\\to\\infty}\\frac{2x^2+3x+6}{x^2+x+2}\\) равно:', 1),
('6', 12, 'Значение предела \\(\\lim\\limits_{n\\to+\\infty}\\frac{n^3+2n-3}{n^2-4n-1}\\) равно:', 1),
('6', 13, 'Значение предела \\(\\lim\\limits_{x\\to+\\infty}\\frac{\\sqrt{x^2-1}}{x}\\) равно:', 1),
('6', 14, 'Значение предела \\(\\lim\\limits_{n\\to+\\infty}\\left(\\sqrt{n^2+n}-n\\right)\\) равно:', 1),
('6', 15, 'Укажите область определения функции \\(y=\\sqrt{x^2-9x-22}+\\frac{1}{\\sqrt{x}}\\):', 1),
('6', 16, 'Функция \\(y=f(x)\\) называется возрастающей на промежутке Х, если:', 1),
('6', 17, 'К трансцендентным функциям не относится _________ функция', 1),
('6', 18, 'Относительно оси ординат симметричен график _______ функции', 1),
('6', 19, 'Укажите область определения функции \\(y=\\cfrac{25}{3-\\sqrt[4]{x}}\\)', 1),
('6', 20, 'Функция называется четной, если для любых значений x из области определения:', 1),
('6', 21, 'Укажите область определения функции \\(y=\\sqrt[3]{x^2+2x-3}\\)', 1),
('6', 22, 'Выберите функцию, не являющуюся непрерывной в точке \\(x=2\\) функции', 1),
('6', 23, 'Предел \\(\\lim\\limits_{x\\to 3}\\left[(4x+13)\\cdot(x^2+1)\\right]\\) равен:', 1),
('6', 24, 'Выберите функцию, у которой не существует предела при \\(x\\to 0\\)', 1),
('6', 25, 'Сумма конечного числа бесконечно малых функций является функцией:', 1),
('7', 1, 'Вычислить предел \\(\\lim\\limits_{x\\to 5}\\frac{x-5}{x^{2}-25} \\), не пользуясь правилом Лопиталя', 1),
('7', 2, 'Вычислить предел \\( \\lim\\limits_{x\\to 0}\\frac{\\sin{5x}}{2x}\\), не пользуясь правилом Лопиталя', 1),
('7', 3, 'Вычислить предел \\( \\lim\\limits_{x\\to 0} \\left(\\frac{x}{1+x}\\right)^{n}\\), не пользуясь правилом Лопиталя', 1),
('7', 4, 'Функция \\(y=x^2\\) в окрестности бесконечности является:', 1),
('7', 5, 'Функция \\(y=\\frac{x^2+1}{x}\\) в окрестности нуля является величиной:', 1),
('7', 6, 'По теореме о пределе частного \\(\\lim\\limits_{x\\to x_{0}}\\frac{u(x)}{v(x)}\\) равен:', 1),
('7', 7, 'Значение предела \\(\\lim\\limits_{x\\to 0}\\frac{\\sin x}{x}\\) равно:', 1),
('7', 8, 'Значение предела \\(\\lim\\limits_{x\\to 0}(1+x)^{\\frac{1}{x}}\\) равно:', 1),
('7', 9, 'Значение предела \\(\\lim\\limits_{x\\to -1}\\frac{\\tg(x+1)}{\\arcsin(x+1)}\\) равно:', 1),
('7', 10, 'Значение предела \\(\\lim\\limits_{n\\to +\\infty}\\left(1+\\frac{2}{n}\\right)^{3n}\\) равно:', 1),
('7', 11, 'Значение предела \\(\\lim\\limits_{x\\to\\infty}\\frac{2x^2+3x+6}{x^2+x+2}\\) равно:', 1),
('7', 12, 'Значение предела \\(\\lim\\limits_{n\\to+\\infty}\\frac{n^3+2n-3}{n^2-4n-1}\\) равно:', 1),
('7', 13, 'Значение предела \\(\\lim\\limits_{x\\to+\\infty}\\frac{\\sqrt{x^2-1}}{x}\\) равно:', 1),
('7', 14, 'Значение предела \\(\\lim\\limits_{n\\to+\\infty}\\left(\\sqrt{n^2+n}-n\\right)\\) равно:', 1),
('7', 15, 'Укажите область определения функции \\(y=\\sqrt{x^2-9x-22}+\\frac{1}{\\sqrt{x}}\\):', 1),
('7', 16, 'Функция \\(y=f(x)\\) называется возрастающей на промежутке Х, если:', 1),
('7', 17, 'К трансцендентным функциям не относится _________ функция', 1),
('7', 18, 'Относительно оси ординат симметричен график _______ функции', 1),
('7', 19, 'Укажите область определения функции \\(y=\\cfrac{25}{3-\\sqrt[4]{x}}\\)', 1),
('7', 20, 'Функция называется четной, если для любых значений x из области определения:', 1),
('7', 21, 'Укажите область определения функции \\(y=\\sqrt[3]{x^2+2x-3}\\)', 1),
('7', 22, 'Выберите функцию, не являющуюся непрерывной в точке \\(x=2\\) функции', 1),
('7', 23, 'Предел \\(\\lim\\limits_{x\\to 3}\\left[(4x+13)\\cdot(x^2+1)\\right]\\) равен:', 1),
('7', 24, 'Выберите функцию, у которой не существует предела при \\(x\\to 0\\)', 1),
('7', 25, 'Сумма конечного числа бесконечно малых функций является функцией:', 1),
('7', 1, 'Вычислить предел \\(\\lim\\limits_{x\\to 5}\\frac{x-5}{x^{2}-25} \\), не пользуясь правилом Лопиталя', 1),
('7', 2, 'Вычислить предел \\( \\lim\\limits_{x\\to 0}\\frac{\\sin{5x}}{2x}\\), не пользуясь правилом Лопиталя', 1),
('7', 3, 'Вычислить предел \\( \\lim\\limits_{x\\to 0} \\left(\\frac{x}{1+x}\\right)^{n}\\), не пользуясь правилом Лопиталя', 1),
('7', 4, 'Функция \\(y=x^2\\) в окрестности бесконечности является:', 1),
('7', 5, 'Функция \\(y=\\frac{x^2+1}{x}\\) в окрестности нуля является величиной:', 1),
('7', 6, 'По теореме о пределе частного \\(\\lim\\limits_{x\\to x_{0}}\\frac{u(x)}{v(x)}\\) равен:', 1),
('7', 7, 'Значение предела \\(\\lim\\limits_{x\\to 0}\\frac{\\sin x}{x}\\) равно:', 1),
('7', 8, 'Значение предела \\(\\lim\\limits_{x\\to 0}(1+x)^{\\frac{1}{x}}\\) равно:', 1),
('7', 9, 'Значение предела \\(\\lim\\limits_{x\\to -1}\\frac{\\tg(x+1)}{\\arcsin(x+1)}\\) равно:', 1),
('7', 10, 'Значение предела \\(\\lim\\limits_{n\\to +\\infty}\\left(1+\\frac{2}{n}\\right)^{3n}\\) равно:', 1),
('7', 11, 'Значение предела \\(\\lim\\limits_{x\\to\\infty}\\frac{2x^2+3x+6}{x^2+x+2}\\) равно:', 1),
('7', 12, 'Значение предела \\(\\lim\\limits_{n\\to+\\infty}\\frac{n^3+2n-3}{n^2-4n-1}\\) равно:', 1),
('7', 13, 'Значение предела \\(\\lim\\limits_{x\\to+\\infty}\\frac{\\sqrt{x^2-1}}{x}\\) равно:', 1),
('7', 14, 'Значение предела \\(\\lim\\limits_{n\\to+\\infty}\\left(\\sqrt{n^2+n}-n\\right)\\) равно:', 1),
('7', 15, 'Укажите область определения функции \\(y=\\sqrt{x^2-9x-22}+\\frac{1}{\\sqrt{x}}\\):', 1),
('7', 16, 'Функция \\(y=f(x)\\) называется возрастающей на промежутке Х, если:', 1),
('7', 17, 'К трансцендентным функциям не относится _________ функция', 1),
('7', 18, 'Относительно оси ординат симметричен график _______ функции', 1),
('7', 19, 'Укажите область определения функции \\(y=\\cfrac{25}{3-\\sqrt[4]{x}}\\)', 1),
('7', 20, 'Функция называется четной, если для любых значений x из области определения:', 1),
('7', 21, 'Укажите область определения функции \\(y=\\sqrt[3]{x^2+2x-3}\\)', 1),
('7', 22, 'Выберите функцию, не являющуюся непрерывной в точке \\(x=2\\) функции', 1),
('7', 23, 'Предел \\(\\lim\\limits_{x\\to 3}\\left[(4x+13)\\cdot(x^2+1)\\right]\\) равен:', 1),
('7', 24, 'Выберите функцию, у которой не существует предела при \\(x\\to 0\\)', 1),
('7', 25, 'Сумма конечного числа бесконечно малых функций является функцией:', 1),
('4', 1, NULL, 1),
('7', 1, 'g', 1),
('8', 1, 'g', 1);

-- --------------------------------------------------------

--
-- Структура таблицы `users`
--

CREATE TABLE `users` (
  `id` int(8) NOT NULL,
  `login` varchar(255) NOT NULL,
  `userPassword` tinytext,
  `randomCookie` varchar(255) DEFAULT NULL,
  `name` tinytext,
  `surname` tinytext,
  `root` enum('студент','преподаватель') DEFAULT 'студент',
  `dateRegistration` datetime DEFAULT NULL
) ENGINE=InnoDB DEFAULT CHARSET=utf8;

--
-- Дамп данных таблицы `users`
--

INSERT INTO `users` (`id`, `login`, `userPassword`, `randomCookie`, `name`, `surname`, `root`, `dateRegistration`) VALUES
(1, 'admins', '$2y$10$0jsYxZ1V95YpeY9.N2HZk.VDPLZy70lSNRIdA6aXMcPK2MY4fTCPy', 'd09112fa29791591d6b7de007e83bf1bb4fca3ae', 'Администраторы', 'сайта', 'преподаватель', '2020-03-29 14:10:36'),
(4, 'adminsstudents', '$2y$10$B9JLja9MHF2RtEBdzafL6.YBzInQWq9xV6r/xNVCg0sjdoolwHc.6', '40e9ed7dc5c5409e6565f5497c8f2ce698023209', 'Администраторы', 'студенты', 'студент', '2020-04-19 00:25:56'),
(5, 'adminsteachers', '$2y$10$ALCUhvuVeFLBooHTZSkFGegX50eUPfxQ87KLE.7H3UX197esCaXwy', 'ce797dda11e01f296a7dc4e9bcd11eb4f6669d6d', 'Администраторы', 'преподаватели', 'преподаватель', '2020-04-19 00:30:51'),
(14, 'maxim', '$2y$10$Stp3KUpz357kawT6CFZWIOk0bUAzfY1/Vw/rMdrau557S5uNBZiBG', 'cefa7f3da7014b367f00d80ddab3214b9a3f580e', 'Максим', 'Ларченко', 'преподаватель', '2020-06-29 20:08:22'),
(15, 'den', '$2y$10$NB8Kev4dvxXE7ZTWqT21V.oLqYGnR/pRlil63nqNSsurOt3KOZ822', '978cc40f7bb16d0b09478a2eae7691140d332ba6', 'Денис', 'Исаков', 'студент', '2020-06-29 20:09:31');

--
-- Индексы сохранённых таблиц
--

--
-- Индексы таблицы `answers`
--
ALTER TABLE `answers`
  ADD KEY `id_Test` (`id_Test`);

--
-- Индексы таблицы `avatars`
--
ALTER TABLE `avatars`
  ADD PRIMARY KEY (`id_User`),
  ADD KEY `id_User` (`id_User`);

--
-- Индексы таблицы `checkbox`
--
ALTER TABLE `checkbox`
  ADD KEY `id_Test` (`id_Test`);

--
-- Индексы таблицы `friends`
--
ALTER TABLE `friends`
  ADD PRIMARY KEY (`id_User`,`id_Friend`);

--
-- Индексы таблицы `icontest`
--
ALTER TABLE `icontest`
  ADD KEY `id_Test` (`id_Test`);

--
-- Индексы таблицы `notifications`
--
ALTER TABLE `notifications`
  ADD PRIMARY KEY (`idNotif`);

--
-- Индексы таблицы `radio`
--
ALTER TABLE `radio`
  ADD KEY `id_Test` (`id_Test`);

--
-- Индексы таблицы `sections`
--
ALTER TABLE `sections`
  ADD PRIMARY KEY (`id_section`);

--
-- Индексы таблицы `subjects`
--
ALTER TABLE `subjects`
  ADD PRIMARY KEY (`id_subject`);

--
-- Индексы таблицы `tasktest`
--
ALTER TABLE `tasktest`
  ADD PRIMARY KEY (`id_Test`),
  ADD KEY `id_Test` (`id_Test`);

--
-- Индексы таблицы `tests`
--
ALTER TABLE `tests`
  ADD PRIMARY KEY (`id`);

--
-- Индексы таблицы `testSection`
--
ALTER TABLE `testSection`
  ADD PRIMARY KEY (`id_section`,`id_Test`),
  ADD KEY `id_section` (`id_section`),
  ADD KEY `id_Test` (`id_Test`);

--
-- Индексы таблицы `testSubject`
--
ALTER TABLE `testSubject`
  ADD PRIMARY KEY (`id_subject`,`id_Test`),
  ADD KEY `id_subject_2` (`id_subject`),
  ADD KEY `id_Test` (`id_Test`),
  ADD KEY `id_subject` (`id_subject`);

--
-- Индексы таблицы `totaltasktable`
--
ALTER TABLE `totaltasktable`
  ADD KEY `id_Test` (`id_Test`),
  ADD KEY `id_Test_2` (`id_Test`);

--
-- Индексы таблицы `users`
--
ALTER TABLE `users`
  ADD PRIMARY KEY (`id`),
  ADD UNIQUE KEY `login` (`login`);

--
-- AUTO_INCREMENT для сохранённых таблиц
--

--
-- AUTO_INCREMENT для таблицы `sections`
--
ALTER TABLE `sections`
  MODIFY `id_section` int(11) NOT NULL AUTO_INCREMENT;
--
-- AUTO_INCREMENT для таблицы `subjects`
--
ALTER TABLE `subjects`
  MODIFY `id_subject` int(11) NOT NULL AUTO_INCREMENT, AUTO_INCREMENT=4;
--
-- AUTO_INCREMENT для таблицы `users`
--
ALTER TABLE `users`
  MODIFY `id` int(8) NOT NULL AUTO_INCREMENT, AUTO_INCREMENT=26;
--
-- Ограничения внешнего ключа сохраненных таблиц
--

--
-- Ограничения внешнего ключа таблицы `answers`
--
ALTER TABLE `answers`
  ADD CONSTRAINT `answers_ibfk_1` FOREIGN KEY (`id_Test`) REFERENCES `tests` (`id`) ON DELETE CASCADE;

--
-- Ограничения внешнего ключа таблицы `avatars`
--
ALTER TABLE `avatars`
  ADD CONSTRAINT `avatars_ibfk_1` FOREIGN KEY (`id_User`) REFERENCES `users` (`id`);

--
-- Ограничения внешнего ключа таблицы `checkbox`
--
ALTER TABLE `checkbox`
  ADD CONSTRAINT `checkbox_ibfk_1` FOREIGN KEY (`id_Test`) REFERENCES `tests` (`id`) ON DELETE CASCADE;

--
-- Ограничения внешнего ключа таблицы `icontest`
--
ALTER TABLE `icontest`
  ADD CONSTRAINT `icontest_ibfk_1` FOREIGN KEY (`id_Test`) REFERENCES `tests` (`id`) ON DELETE CASCADE;

--
-- Ограничения внешнего ключа таблицы `radio`
--
ALTER TABLE `radio`
  ADD CONSTRAINT `radio_ibfk_1` FOREIGN KEY (`id_Test`) REFERENCES `tests` (`id`) ON DELETE CASCADE;

--
-- Ограничения внешнего ключа таблицы `tasktest`
--
ALTER TABLE `tasktest`
  ADD CONSTRAINT `tasktest_ibfk_1` FOREIGN KEY (`id_Test`) REFERENCES `tests` (`id`) ON DELETE CASCADE;

--
-- Ограничения внешнего ключа таблицы `testSection`
--
ALTER TABLE `testSection`
  ADD CONSTRAINT `testSection_ibfk_1` FOREIGN KEY (`id_section`) REFERENCES `sections` (`id_section`),
  ADD CONSTRAINT `testSection_ibfk_2` FOREIGN KEY (`id_Test`) REFERENCES `tests` (`id`) ON DELETE CASCADE;

--
-- Ограничения внешнего ключа таблицы `testSubject`
--
ALTER TABLE `testSubject`
  ADD CONSTRAINT `testSubject_ibfk_1` FOREIGN KEY (`id_subject`) REFERENCES `subjects` (`id_subject`),
  ADD CONSTRAINT `testSubject_ibfk_2` FOREIGN KEY (`id_Test`) REFERENCES `tests` (`id`) ON DELETE CASCADE;

--
-- Ограничения внешнего ключа таблицы `totaltasktable`
--
ALTER TABLE `totaltasktable`
  ADD CONSTRAINT `totaltasktable_ibfk_1` FOREIGN KEY (`id_Test`) REFERENCES `tests` (`id`) ON DELETE CASCADE;

/*!40101 SET CHARACTER_SET_CLIENT=@OLD_CHARACTER_SET_CLIENT */;
/*!40101 SET CHARACTER_SET_RESULTS=@OLD_CHARACTER_SET_RESULTS */;
/*!40101 SET COLLATION_CONNECTION=@OLD_COLLATION_CONNECTION */;
